{"smooth_losses_BW":0.2432015985250473,"_runtime":19.759461282,"Range Loss XA":3.780504994210787e-05,"Ortho Loss":0.6691869497299194,"Range Loss BW":4.941689985571429e-05,"epoch":199,"smooth_losses_XA":2.5473899841308594,"Total Loss":168.27516174316406,"_timestamp":1.7290452238190572e+09,"_wandb":{"runtime":20},"_step":399}